,mean_fit_time,std_fit_time,mean_score_time,std_score_time,param_solver,param_penalty,param_max_iter,params,split0_test_score,split1_test_score,mean_test_score,std_test_score,rank_test_score
0,1.513628602027893,0.05970799922943115,0.0102691650390625,6.461143493652344e-05,lbfgs,l2,300,"{'solver': 'lbfgs', 'penalty': 'l2', 'max_iter': 300}",0.7972660357518402,0.7948825797406239,0.796074307746232,0.001191728005608128,2
1,8.537351846694946,0.4444010257720947,0.009693384170532227,0.0005426406860351562,sag,l2,500,"{'solver': 'sag', 'penalty': 'l2', 'max_iter': 500}",0.7867507886435331,0.7766561514195583,0.7817034700315457,0.0050473186119873725,3
2,6.0517109632492065,0.06838810443878174,0.01037442684173584,0.0004361867904663086,newton-cg,l2,100,"{'solver': 'newton-cg', 'penalty': 'l2', 'max_iter': 100}",0.7981773571678934,0.796074307746232,0.7971258324570627,0.001051524710830698,1
