,mean_fit_time,std_fit_time,mean_score_time,std_score_time,param_n_estimators,param_min_samples_split,param_min_samples_leaf,param_max_features,param_max_depth,params,split0_test_score,split1_test_score,mean_test_score,std_test_score,rank_test_score
0,5.404441475868225,0.08224809169769287,0.3949953317642212,0.039853692054748535,100,2,1,sqrt,30,"{'n_estimators': 100, 'min_samples_split': 2, 'min_samples_leaf': 1, 'max_features': 'sqrt', 'max_depth': 30}",0.7986680686996145,0.7987381703470031,0.7987031195233087,3.505082369431589e-05,2
1,0.49928832054138184,0.003638744354248047,0.04903972148895264,0.0003660917282104492,10,10,4,sqrt,20,"{'n_estimators': 10, 'min_samples_split': 10, 'min_samples_leaf': 4, 'max_features': 'sqrt', 'max_depth': 20}",0.7970557308096741,0.792639327024185,0.7948475289169296,0.00220820189274451,3
2,2.17138135433197,0.14874041080474854,0.15197908878326416,0.0061026811599731445,50,5,4,sqrt,10,"{'n_estimators': 50, 'min_samples_split': 5, 'min_samples_leaf': 4, 'max_features': 'sqrt', 'max_depth': 10}",0.8000701016473887,0.7995793901156677,0.7998247458815282,0.0002453557658604888,1
